{"current":{"sticky_header":true,"sticky_announcement_bar":false,"height_header":90,"height_header_mobile":70,"hero_header_desktop":false,"hero_header_mobile":false,"search_enabled":false,"search_show_collections":false,"search_show_products":false,"search_show_articles":false,"search_show_pages":false,"grid_product_truncate":false,"grid_product_hover":false,"enable_history_state":false,"tag_placement":"top-left","show_currency_selector":true,"show_breadcrumbs":false,"show_back_to_collection":false,"enable_payment_button":true,"enable_more_payment_options_button":false,"sale_type":"amount","browsing_link":"shopify:\/\/products\/topple-toy-1","cart_notes_enable":false,"icon_cart":"shopping_cart","color_announcement_bg":"#1e90ff","color_nav_border":"#1e90ff","color_border":"#1e90ff","color_body_text":"#060d1e","color_primary":"#1e90ff","color_secondary":"#1e90ff","color_input":"#dbdbdf","color_sales_price":"#212529","color_drawer_bg":"#060d1e","color_drawer_default":"#212529","color_drawer_border":"#1e90ff","color_drawer_primary":"#1e90ff","color_drawer_button_text":"#FFFFFF","color_drawer_secondary":"#1e90ff","color_drawer_input":"#1e90ff","color_drawer_errors":"#FF0000","color_drawer_sales_price":"#1e90ff","color_footer_bg":"#f4f4f5","color_footer_default":"#f4f4f5","color_footer_border":"#ebebed","color_footer_text":"#000000","color_footer_primary":"#1e90ff","color_footer_button_text":"#FFFFFF","color_footer_secondary":"#1e90ff","color_footer_input":"#dbdbdf","color_footer_errors":"#FF0000","color_footer_sales_price":"#1e90ff","color_overlay":"#212529","opacity_overlay":49,"favicon":"shopify:\/\/shop_images\/FAV.jpg","review_app":"loox","dbtfy_cart_goal":false,"dbtfy_cart_savings":false,"dbtfy_cart_reminder":false,"dbtfy_cart_upsell":false,"dbtfy_quantity_breaks":false,"dbtfy_upsell_bundles":false,"dbtfy_upsell_popup":false,"dbtfy_addtocart_animation":true,"dbtfy_cart_discount":false,"dbtfy_cart_favicon":false,"dbtfy_customizable_products":false,"dbtfy_delivery_time":false,"dbtfy_discount_saved":false,"dbtfy_inactive_tab_message":false,"dbtfy_inventory_quantity":true,"dbtfy_product_bullet_points":false,"dbtfy_sales_countdown":true,"dbtfy_skip_cart":false,"dbtfy_sticky_addtocart":true,"dbtfy_trust_badge":false,"dbtfy_back_in_stock":false,"dbtfy_instagram_feed":false,"dbtfy_newsletter_popup":false,"dbtfy_order_feedback":false,"dbtfy_social_discount":false,"dbtfy_wish_list":false,"dbtfy_collection_addtocart":false,"dbtfy_collection_filters":false,"dbtfy_color_swatches":false,"dbtfy_custom_currencies":false,"dbtfy_delivery_date":false,"dbtfy_faq_page":false,"dbtfy_infinite_scroll":false,"dbtfy_mega_menu":false,"dbtfy_menu_bar":false,"dbtfy_order_tracking":false,"dbtfy_page_speed_booster":false,"dbtfy_pricing_table":false,"dbtfy_product_image_crop":false,"dbtfy_product_swatches":false,"dbtfy_product_tabs":false,"dbtfy_quick_compare":false,"dbtfy_quick_view":false,"dbtfy_recently_viewed":false,"dbtfy_size_chart":false,"dbtfy_smart_search":false,"dbtfy_synced_variant_image":false,"dbtfy_cookie_box":false,"dbtfy_shop_protect":false,"dbtfy_inventory_quantity_threshold":20,"checkout_logo_image":"shopify:\/\/shop_images\/Topple.png","checkout_logo_position":"center","checkout_logo_size":"large","checkout_accent_color":"#1e90ff","checkout_button_color":"#1e90ff","sections":{"dbtfy-bullet-points":{"type":"dbtfy-bullet-points","settings":{"dbtfy_bullet_points_position":"under-product-price","dbtfy_bullet_points_alignment":"left","dbtfy_bullet_points_display_type":"inline"}},"dbtfy-cart-goal":{"type":"dbtfy-cart-goal","settings":{"dbtfy_cart_goal_before_text":"You're","dbtfy_cart_goal_amount":"70","dbtfy_cart_goal_after_text":"away from FREE shipping!","dbtfy_cart_goal_reached_text":"You are eligible for FREE shipping!","dbtfy_cart_goal_icons":"local_shipping"}},"dbtfy-cart-upsell":{"type":"dbtfy-cart-upsell","settings":{"dbtfy_cart_upsell_button_style":"btn--primary"}},"dbtfy-color-swatches":{"type":"dbtfy-color-swatches","settings":{}},"dbtfy-customizable-products":{"type":"dbtfy-customizable-products","settings":{}},"dbtfy-delivery-time":{"type":"dbtfy-delivery-time","blocks":{"e2c7e989-ffb3-46cc-a146-d1bce1533c03":{"type":"delivery_time","settings":{"title":"","dbtfy_delivery_time_icon_1":"local_shipping","dbtfy_delivery_time_prefix_1":"Buy now to receive in","dbtfy_delivery_time_separator_1":"-","dbtfy_delivery_time_suffix_1":"days","dbtfy_delivery_time_date_1":false,"dbtfy_delivery_time_format_1":"%b %d","dbtfy_delivery_time_from_1":4,"dbtfy_delivery_time_to_1":12,"dbtfy_delivery_time_exclude_days_1":"SAT, SUN","dbtfy_delivery_time_cut_off_1":false,"dbtfy_delivery_time_cut_off_time_1":"16:00:00","dbtfy_delivery_time_cut_off_message_1":"Order within","visibility_1":"product","collection_1":"frontpage","type_1":"","tag_1":"","product_1":"techbrush™️-device-cleaning-kit","dbtfy_delivery_time_icon_2":"local_shipping","dbtfy_delivery_time_prefix_2":"Buy now to receive in","dbtfy_delivery_time_separator_2":"-","dbtfy_delivery_time_suffix_2":"days","dbtfy_delivery_time_date_2":false,"dbtfy_delivery_time_format_2":"%b %d","dbtfy_delivery_time_from_2":7,"dbtfy_delivery_time_to_2":14,"dbtfy_delivery_time_exclude_days_2":"SAT, SUN","dbtfy_delivery_time_cut_off_2":false,"dbtfy_delivery_time_cut_off_time_2":"16:00:00","dbtfy_delivery_time_cut_off_message_2":"Order within","visibility_2":"all","collection_2":"","type_2":"","tag_2":"","product_2":"","dbtfy_delivery_time_icon_3":"local_shipping","dbtfy_delivery_time_prefix_3":"Buy now to receive in","dbtfy_delivery_time_separator_3":"-","dbtfy_delivery_time_suffix_3":"days","dbtfy_delivery_time_date_3":false,"dbtfy_delivery_time_format_3":"%b %d","dbtfy_delivery_time_from_3":7,"dbtfy_delivery_time_to_3":14,"dbtfy_delivery_time_exclude_days_3":"SAT, SUN","dbtfy_delivery_time_cut_off_3":false,"dbtfy_delivery_time_cut_off_time_3":"16:00:00","dbtfy_delivery_time_cut_off_message_3":"Order within","visibility_3":"all","collection_3":"","type_3":"","tag_3":"","product_3":"","dbtfy_delivery_time_icon_4":"local_shipping","dbtfy_delivery_time_prefix_4":"Buy now to receive in","dbtfy_delivery_time_separator_4":"-","dbtfy_delivery_time_suffix_4":"days","dbtfy_delivery_time_date_4":false,"dbtfy_delivery_time_format_4":"%b %d","dbtfy_delivery_time_from_4":7,"dbtfy_delivery_time_to_4":14,"dbtfy_delivery_time_exclude_days_4":"SAT, SUN","dbtfy_delivery_time_cut_off_4":false,"dbtfy_delivery_time_cut_off_time_4":"16:00:00","dbtfy_delivery_time_cut_off_message_4":"Order within","visibility_4":"all","collection_4":"","type_4":"","tag_4":"","product_4":"","dbtfy_delivery_time_icon_5":"local_shipping","dbtfy_delivery_time_prefix_5":"Buy now to receive in","dbtfy_delivery_time_separator_5":"-","dbtfy_delivery_time_suffix_5":"days","dbtfy_delivery_time_date_5":false,"dbtfy_delivery_time_format_5":"%b %d","dbtfy_delivery_time_from_5":7,"dbtfy_delivery_time_to_5":14,"dbtfy_delivery_time_exclude_days_5":"SAT, SUN","dbtfy_delivery_time_cut_off_5":false,"dbtfy_delivery_time_cut_off_time_5":"16:00:00","dbtfy_delivery_time_cut_off_message_5":"Order within","visibility_5":"all","collection_5":"","type_5":"","tag_5":"","product_5":"","dbtfy_delivery_time_icon_6":"local_shipping","dbtfy_delivery_time_prefix_6":"Buy now to receive in","dbtfy_delivery_time_separator_6":"-","dbtfy_delivery_time_suffix_6":"days","dbtfy_delivery_time_date_6":false,"dbtfy_delivery_time_format_6":"%b %d","dbtfy_delivery_time_from_6":7,"dbtfy_delivery_time_to_6":14,"dbtfy_delivery_time_exclude_days_6":"SAT, SUN","dbtfy_delivery_time_cut_off_6":false,"dbtfy_delivery_time_cut_off_time_6":"16:00:00","dbtfy_delivery_time_cut_off_message_6":"Order within","visibility_6":"all","collection_6":"","type_6":"","tag_6":"","product_6":"","dbtfy_delivery_time_icon_7":"local_shipping","dbtfy_delivery_time_prefix_7":"Buy now to receive in","dbtfy_delivery_time_separator_7":"-","dbtfy_delivery_time_suffix_7":"days","dbtfy_delivery_time_date_7":false,"dbtfy_delivery_time_format_7":"%b %d","dbtfy_delivery_time_from_7":7,"dbtfy_delivery_time_to_7":14,"dbtfy_delivery_time_exclude_days_7":"SAT, SUN","dbtfy_delivery_time_cut_off_7":false,"dbtfy_delivery_time_cut_off_time_7":"16:00:00","dbtfy_delivery_time_cut_off_message_7":"Order within","visibility_7":"all","collection_7":"","type_7":"","tag_7":"","product_7":"","dbtfy_delivery_time_icon_8":"local_shipping","dbtfy_delivery_time_prefix_8":"Buy now to receive in","dbtfy_delivery_time_separator_8":"-","dbtfy_delivery_time_suffix_8":"days","dbtfy_delivery_time_date_8":false,"dbtfy_delivery_time_format_8":"%b %d","dbtfy_delivery_time_from_8":7,"dbtfy_delivery_time_to_8":14,"dbtfy_delivery_time_exclude_days_8":"SAT, SUN","dbtfy_delivery_time_cut_off_8":false,"dbtfy_delivery_time_cut_off_time_8":"16:00:00","dbtfy_delivery_time_cut_off_message_8":"Order within","visibility_8":"all","collection_8":"","type_8":"","tag_8":"","product_8":"","dbtfy_delivery_time_icon_9":"local_shipping","dbtfy_delivery_time_prefix_9":"Buy now to receive in","dbtfy_delivery_time_separator_9":"-","dbtfy_delivery_time_suffix_9":"days","dbtfy_delivery_time_date_9":false,"dbtfy_delivery_time_format_9":"%b %d","dbtfy_delivery_time_from_9":7,"dbtfy_delivery_time_to_9":14,"dbtfy_delivery_time_exclude_days_9":"SAT, SUN","dbtfy_delivery_time_cut_off_9":false,"dbtfy_delivery_time_cut_off_time_9":"16:00:00","dbtfy_delivery_time_cut_off_message_9":"Order within","visibility_9":"all","collection_9":"","type_9":"","tag_9":"","product_9":"","dbtfy_delivery_time_icon_10":"local_shipping","dbtfy_delivery_time_prefix_10":"Buy now to receive in","dbtfy_delivery_time_separator_10":"-","dbtfy_delivery_time_suffix_10":"days","dbtfy_delivery_time_date_10":false,"dbtfy_delivery_time_format_10":"%b %d","dbtfy_delivery_time_from_10":7,"dbtfy_delivery_time_to_10":14,"dbtfy_delivery_time_exclude_days_10":"SAT, SUN","dbtfy_delivery_time_cut_off_10":false,"dbtfy_delivery_time_cut_off_time_10":"16:00:00","dbtfy_delivery_time_cut_off_message_10":"Order within","visibility_10":"all","collection_10":"","type_10":"","tag_10":"","product_10":""}}},"block_order":["e2c7e989-ffb3-46cc-a146-d1bce1533c03"],"settings":{"dbtfy_delivery_time_position":"under-addtocart-button"}},"dbtfy-product-tabs":{"type":"dbtfy-product-tabs","settings":{"dbtfy_product_tabs_display_type":"vertical"}},"dbtfy-product-swatches":{"type":"dbtfy-product-swatches","settings":{"dbtfy_product_swatches_show_in_grid":true}},"dbtfy-quantity-breaks":{"type":"dbtfy-quantity-breaks","blocks":{"a454a6db-515e-40e6-be3a-21c8ef79d7d5":{"type":"product-break","settings":{"title":"","product_break_show_on_product_page":false,"product_break_visibility":"product","product_break_collection":"","product_break_types":"","product_break_tags":"","product_break_product":"techbrush™️-device-cleaning-kit","product_break_range_1":2,"product_break_discount_code_1":"2 PACK","product_break_discount_amount_1":"20","product_break_discount_type_1":"%","product_break_range_2":3,"product_break_discount_code_2":"3 PACK","product_break_discount_amount_2":"30","product_break_discount_type_2":"%","product_break_range_3":2,"product_break_discount_code_3":"","product_break_discount_amount_3":"","product_break_discount_type_3":"%","product_break_range_4":2,"product_break_discount_code_4":"","product_break_discount_amount_4":"","product_break_discount_type_4":"%","product_break_range_5":2,"product_break_discount_code_5":"","product_break_discount_amount_5":"","product_break_discount_type_5":"%"}}},"block_order":["a454a6db-515e-40e6-be3a-21c8ef79d7d5"],"settings":{"dbtfy_quantity_breaks_single_text":"Buy _COUNT_: _PRICE_ _SAVED_AMOUNT_","dbtfy_quantity_breaks_price_type":"total_price","dbtfy_quantity_breaks_more_discount_text_before":"Add","dbtfy_quantity_breaks_more_discount_text_after":"more item to unlock","dbtfy_quantity_breaks_more_discount_text_after_percentage":"off","dbtfy_quantity_breaks_highest_discount_text":"Highest discount applied!"}},"dbtfy-sales-countdown":{"type":"dbtfy-sales-countdown","blocks":{"1a6657b5-154c-45a9-be17-2560fcfb4e85":{"type":"countdown","settings":{"title":"","dbtfy_sales_countdown_date_1":"","dbtfy_sales_countdown_time_hours_1":0,"dbtfy_sales_countdown_time_mins_1":38,"when_timer_id_over_action_1":"hide","timer_message_1":"","dbtfy_sales_countdown_product_grid_1":true,"visibility_1":"all","dbtfy_sales_countdown_collection_1":"","dbtfy_sales_countdown_type_1":"","dbtfy_sales_countdown_tag_1":"","dbtfy_sales_countdown_product_1":"","dbtfy_sales_countdown_date_2":"","dbtfy_sales_countdown_time_hours_2":0,"dbtfy_sales_countdown_time_mins_2":0,"when_timer_id_over_action_2":"hide","timer_message_2":"","dbtfy_sales_countdown_product_grid_2":true,"visibility_2":"all","dbtfy_sales_countdown_collection_2":"","dbtfy_sales_countdown_type_2":"","dbtfy_sales_countdown_tag_2":"","dbtfy_sales_countdown_product_2":"","dbtfy_sales_countdown_date_3":"","dbtfy_sales_countdown_time_hours_3":0,"dbtfy_sales_countdown_time_mins_3":0,"when_timer_id_over_action_3":"hide","timer_message_3":"","dbtfy_sales_countdown_product_grid_3":true,"visibility_3":"all","dbtfy_sales_countdown_collection_3":"","dbtfy_sales_countdown_type_3":"","dbtfy_sales_countdown_tag_3":"","dbtfy_sales_countdown_product_3":"","dbtfy_sales_countdown_date_4":"","dbtfy_sales_countdown_time_hours_4":0,"dbtfy_sales_countdown_time_mins_4":0,"when_timer_id_over_action_4":"hide","timer_message_4":"","dbtfy_sales_countdown_product_grid_4":true,"visibility_4":"all","dbtfy_sales_countdown_collection_4":"","dbtfy_sales_countdown_type_4":"","dbtfy_sales_countdown_tag_4":"","dbtfy_sales_countdown_product_4":"","dbtfy_sales_countdown_date_5":"","dbtfy_sales_countdown_time_hours_5":0,"dbtfy_sales_countdown_time_mins_5":0,"when_timer_id_over_action_5":"hide","timer_message_5":"","dbtfy_sales_countdown_product_grid_5":true,"visibility_5":"all","dbtfy_sales_countdown_collection_5":"","dbtfy_sales_countdown_type_5":"","dbtfy_sales_countdown_tag_5":"","dbtfy_sales_countdown_product_5":"","dbtfy_sales_countdown_date_6":"","dbtfy_sales_countdown_time_hours_6":0,"dbtfy_sales_countdown_time_mins_6":0,"when_timer_id_over_action_6":"hide","timer_message_6":"","dbtfy_sales_countdown_product_grid_6":true,"visibility_6":"all","dbtfy_sales_countdown_collection_6":"","dbtfy_sales_countdown_type_6":"","dbtfy_sales_countdown_tag_6":"","dbtfy_sales_countdown_product_6":"","dbtfy_sales_countdown_date_7":"","dbtfy_sales_countdown_time_hours_7":0,"dbtfy_sales_countdown_time_mins_7":0,"when_timer_id_over_action_7":"hide","timer_message_7":"","dbtfy_sales_countdown_product_grid_7":true,"visibility_7":"all","dbtfy_sales_countdown_collection_7":"","dbtfy_sales_countdown_type_7":"","dbtfy_sales_countdown_tag_7":"","dbtfy_sales_countdown_product_7":"","dbtfy_sales_countdown_date_8":"","dbtfy_sales_countdown_time_hours_8":0,"dbtfy_sales_countdown_time_mins_8":0,"when_timer_id_over_action_8":"hide","timer_message_8":"","dbtfy_sales_countdown_product_grid_8":true,"visibility_8":"all","dbtfy_sales_countdown_collection_8":"","dbtfy_sales_countdown_type_8":"","dbtfy_sales_countdown_tag_8":"","dbtfy_sales_countdown_product_8":"","dbtfy_sales_countdown_date_9":"","dbtfy_sales_countdown_time_hours_9":0,"dbtfy_sales_countdown_time_mins_9":0,"when_timer_id_over_action_9":"hide","timer_message_9":"","dbtfy_sales_countdown_product_grid_9":true,"visibility_9":"all","dbtfy_sales_countdown_collection_9":"","dbtfy_sales_countdown_type_9":"","dbtfy_sales_countdown_tag_9":"","dbtfy_sales_countdown_product_9":"","dbtfy_sales_countdown_date_10":"","dbtfy_sales_countdown_time_hours_10":0,"dbtfy_sales_countdown_time_mins_10":0,"when_timer_id_over_action_10":"hide","timer_message_10":"","dbtfy_sales_countdown_product_grid_10":true,"visibility_10":"all","dbtfy_sales_countdown_collection_10":"","dbtfy_sales_countdown_type_10":"","dbtfy_sales_countdown_tag_10":"","dbtfy_sales_countdown_product_10":""}}},"block_order":["1a6657b5-154c-45a9-be17-2560fcfb4e85"],"settings":{"dbtfy_sales_countdown_icons":"local_fire_department","dbtfy_sales_countdown_prefix":"Sale ends in","dbtfy_sales_countdown_suffix":"","dbtfy_sales_countdown_d":"d","dbtfy_sales_countdown_h":"h","dbtfy_sales_countdown_m":"m","dbtfy_sales_countdown_s":"s"}},"dbtfy-size-chart":{"type":"dbtfy-size-chart","settings":{"dbtfy_size_chart_icon":"straighten","dbtfy_size_chart_title":"Size chart","dbtfy_size_chart_width":"large"}},"dbtfy-upsell-popup":{"type":"dbtfy-upsell-popup","settings":{"dbtfy_upsell_popup_width":"","dbtfy_upsell_popup_description":"See product details","dbtfy_upsell_popup_cart":"No thanks","dbtfy_upsell_popup_checkout":"Go to checkout →","text_alignment":"text-center","dbtfy_upsell_popup_range":75}},"drawer-menu":{"type":"drawer-menu","settings":{"drawer_link_toggle":true,"email":true,"phone":false,"show_social_medias":true,"hide_menu_icon":true,"title":"Menu","drawer_top_link_list":"main-menu","drawer_bottom_link_list":"footer"}},"announcement":{"type":"announcement","blocks":{"announcement-0":{"type":"message","settings":{"title":"","announcement_text":"<p>Sale + Free Shipping Today Only! <\/p>"}}},"block_order":["announcement-0"],"settings":{"show_announcement":true,"small_announcement_text":false,"show_social":false,"email":false,"phone":false,"left_message":"","right_message":"","announcement_autoplayspeed":5}},"header":{"type":"header","settings":{"main_menu_link_list":"main-menu","navigation_type":"center","logo_link":true,"default_logo":"shopify:\/\/shop_images\/Drag_Dropship.png","inverted_logo":"shopify:\/\/shop_images\/Drag_Dropship.png","mobile_logo":"shopify:\/\/shop_images\/Drag_Dropship.png","default_logo_svg":"","inverted_logo_svg":"","mobile_logo_svg":"","logo_width":200,"logo_mobile_width":150}},"dbtfy-instagram-feed":{"type":"dbtfy-instagram-feed","settings":{"dbtfy_instagram_feed_icon":true,"dbtfy_instagram_feed_access_token":"","dbtfy_instagram_feed_full_width":false,"title":"From our Instagram","subtitle":"","dbtfy_instagram_feed_section_style":"section-border","dbtfy_instagram_feed_rows":"1","dbtfy_instagram_feed_desktop_grid":"6","dbtfy_instagram_feed_mobile_grid":"3"}},"guarantee":{"type":"guarantee","blocks":{"guarantee-0":{"type":"text","settings":{"title":"","guarantee_icon":"loyalty","heading_text":"Our Guarantee","text":"<p>Share your guarantees with your customers.<\/p>","button_style":"btn-outline-primary","button_label":"","button_link":""}},"guarantee-1":{"type":"text","settings":{"title":"","guarantee_icon":"loyalty","heading_text":"Our Guarantee","text":"<p>Share your guarantees with your customers.<\/p>","button_style":"btn-outline-primary","button_label":"","button_link":""}},"guarantee-2":{"type":"text","settings":{"title":"","guarantee_icon":"loyalty","heading_text":"Our Guarantee","text":"<p>Share your guarantees with your customers.<\/p>","button_style":"btn-outline-primary","button_label":"","button_link":""}}},"block_order":["guarantee-0","guarantee-1","guarantee-2"],"settings":{"show_guarantee":false,"guarantee_size":"xl","section_style":"section-border"}},"footer":{"type":"footer","blocks":{"footer-0":{"type":"text","disabled":true,"settings":{"title":"","column_width":2,"svg":"","img_url":"","logo_width":150,"heading_text":"About Us","subtitle":"","text":"<p>Our mission is to provide <strong>the most <\/strong>most fun and <strong>anxiety-easing<\/strong> toy ever created!<\/p>","email":true,"phone":false,"show_social_media":false}},"footer-1":{"type":"link_list","settings":{"title":"","column_width":1,"heading_text":"Quick Links","subtitle":"","footer_link_list":"footer"}},"6424e0fe-af76-447d-9a83-849c24314aff":{"type":"newsletter","settings":{"title":"","column_width":2,"heading_text":"Want Discounts?","subtitle":"Be the first to receive exclusive discounts and offers straight to your email.","customer_tag":"newsletter"}}},"block_order":["footer-0","footer-1","6424e0fe-af76-447d-9a83-849c24314aff"],"settings":{"show_social_media":false,"social_media_position_desktop":"right","social_title":"Follow-us on social media!","show_payment_icons":true,"show_shopify_footer":false,"show_debutify_footer":false,"custom_credential":""}},"dbtfy-collection-filters":{"type":"dbtfy-collection-filters","settings":{"clear_label":"Clear","clear_all_label":"Clear All","hide_unavailable_options":false,"visibility_tags_count":"none"}}},"content_for_index":[]}}