{"sections":{"1645067468ea5f6155":{"type":"hero","disabled":true,"blocks":{"f329d514-7151-4e1a-8db9-d673a0b90176":{"type":"slide","settings":{"title":"","overlay":true,"image_position":"center center","image_position_mobile":"center center","slide_link":"","video":"","heading_text":"FloatCase™","text":"","text_position":"align-center","text_position_mobile":"align-center","text_alignment":"text-center","text_alignment_mobile":"text-center","enable_custom_fonts":false,"slideshow_family":"poppins_n4","button_label":"Shop Now","button_link":"shopify:\/\/products\/topple-toy-1","button_style":"btn--primary","button_label_2":"","button_link_2":"","button_style_2":""}}},"block_order":["f329d514-7151-4e1a-8db9-d673a0b90176"],"settings":{"show_on_desktop":true,"show_on_mobile":true,"section_height":"medium","section_height_mobile":"medium","arrows":true,"dots":true,"autoplay":false,"autoplayspeed":8}},"1645067810cfc720e4":{"type":"featured-product","settings":{"show_on_desktop":true,"show_on_mobile":true,"featured_product":"","section_style":"section-blank","show_product_vendor":false,"show_product_type":true,"show_product_sku":false,"product_title_large":false,"show_product_tags":false,"show_sharing_icons":false,"show_product_collections":false,"show_full_details":true,"enable_fading_effect":false,"enable_image_zoom":true,"enable_video_looping":false,"media_layout":"thumbnails","image_size":"medium","quantity_enabled":false,"product_selector":"select","show_product_description":false,"description_full":false,"dbtfy_product_description_position":"separate_section","description_style":"section-border","text_alignment":"text-center","text_alignment_mobile":"small--text-center"}},"164506799557eee785":{"type":"featured-row","settings":{"show_on_desktop":true,"show_on_mobile":true,"image_link":"","section_style":"section-blank","text_size":"large","image_alignement":"left","text_alignment":"text-center","title":"30-Day Money Back Guarantee","text":"<p>We have made it <strong>as easy as possible <\/strong>for our customers to return their ______<strong> within 30 days<\/strong> if they don't like it.<\/p><p>Not a fan? <strong>We won't take it personal!<\/strong> We'll automatically refund you in full. Just contact us on the form!<\/p>","button_style":"btn--primary","button_label":"","button_link":""}},"1645067982cde67ddb":{"type":"featured-row","settings":{"show_on_desktop":true,"show_on_mobile":true,"image_link":"","section_style":"section-blank","text_size":"large","image_alignement":"right","text_alignment":"text-center","title":"How it Works!","text":"<p>(Explain about your product here)<\/p>","button_style":"btn--primary","button_label":"","button_link":""}},"164507414750d74c26":{"type":"apps","settings":{}}},"order":["1645067468ea5f6155","1645067810cfc720e4","164506799557eee785","1645067982cde67ddb","164507414750d74c26"]}