{"sections":{"main":{"type":"product-template","settings":{"show_product_vendor":false,"show_product_type":true,"show_product_sku":false,"show_product_tags":true,"show_sharing_icons":false,"show_product_collections":false,"product_title_large":false,"enable_fading_effect":false,"enable_image_zoom":false,"enable_video_looping":false,"media_layout":"thumbnails","image_size":"medium","quantity_enabled":true,"product_selector":"select","show_product_description":true,"enable_split_description":false,"description_full":true,"dbtfy_product_description_position":"separate_section","description_style":"section-border","text_alignment":"text-center","text_alignment_mobile":"small--text-center"}},"upsell-bundles":{"type":"dbtfy-upsell-bundles","settings":{"dbtfy_upsell_bundles_title":"Frequently bought together","dbtfy_upsell_bundles_subtitle":"","dbtfy_upsell_bundles_total":"Total price:","dbtfy_upsell_bundles_cart":"Add selected items","dbtfy_upsell_bundles_icons":"library_add_check","dbtfy_upsell_bundles_current":"This item:","section_style":"section-border","dbtfy_upsell_bundles_reviews":false,"show_automatic_bundles":true,"dbtfy_upsell_bundles_limit":"2","dbtfy_upsell_bundles_position":"product","dbtfy_upsell_bundles_discount_code":"","dbtfy_upsell_bundles_discount_amount":"","dbtfy_upsell_bundles_discount_type":"%"}},"pricing-table":{"type":"dbtfy-pricing-table","settings":{"show_on_desktop":true,"show_on_mobile":true,"title":"Pricing table","subtitle":"","section_style":"section-blank","dbtfy_button_position":"middle"}},"product-recommendations":{"type":"product-recommendations","disabled":true,"settings":{"show_product_recommendations":true,"title":"Recommended for you","subtitle":"","section_style":"section-border","rows":"2","desktop_grid":"4","mobile_grid":"2","slider_related_products":true,"arrows":true,"dots":true,"autoplay":false,"autoplayspeed":5}},"review-widget":{"type":"product-review-widget","disabled":true,"settings":{}},"faq-section":{"type":"dbtfy-faq-section","disabled":true,"settings":{"show_on_desktop":true,"show_on_mobile":true,"title":"FAQ","subtitle":"","section_style":"section-border","dbtfy_faq_searchbox":true,"dbtfy_faq_search_placeholder":"Search questions...","dbtfy_faq_bannerbox":true,"dbtfy_faq_banner_icon":"live_help","dbtfy_faq_banner_text":"Didn't find your answer?","dbtfy_faq_banner_subtitle":"Our customer service will be happy to help you.","dbtfy_faq_btn":"Get in Touch","dbtfy_faq_link":""}},"related-products":{"type":"related-products","disabled":true,"settings":{"show_related_products":false,"related_collection":true,"same_vendor":false,"same_type":false,"never_empty":true,"title":"You may also like","subtitle":"","section_style":"section-border","rows":"1","desktop_grid":"4","mobile_grid":"2","slider_related_products":true,"arrows":true,"dots":true,"autoplay":false,"autoplayspeed":5}},"back-to-collection":{"type":"product-back-to-collection","disabled":true,"settings":{}},"quotes":{"type":"quotes","blocks":{"040a5983-ed05-4037-b129-7015f899993e":{"type":"quote","settings":{"title":"joey","icon":"format_quote","quote":"<p>I recommended this to my friends, and now I have the choice to recommend it to anyone here :) Very friendly group of people, and very smart! I can tell extensive product research was used for these products, and the branding is out of this world.. <\/p>","author":"Joey Lewis"}},"ce4385a3-d24c-49d1-a6bf-ec4f4a0441b7":{"type":"quote","settings":{"title":"Joshy","icon":"format_quote","quote":"<p>I was so skeptical after seeing this on my fyp. It really did seem too good to be true but i was SO MISTAKEN. Its been 3 weeks of running the store and ove made well over $5k. The $19 price tag is unbeatble, i really reccomend this guys!<\/p>","author":"Joshy"}},"eb902dc0-fa47-40ed-b973-9c4f3719b287":{"type":"quote","settings":{"title":"jacob","icon":"format_quote","quote":"<p>got my store yesterday. and my first sale today! posted 2 times on tiktok and it brought a good amount of traffic. going to be more consistent with better content now<\/p>","author":"Jacob"}},"55ea7b47-6394-4038-ae5f-47e080bbd845":{"type":"quote","settings":{"title":"Sydney","icon":"format_quote","quote":"<p>This is my second store, and first review: Obviously I made enough to buy a second, and assuming this gets put on the website I will leave my statistics from the first store $39.99 Product Price, $11.33 Product + Shipping Cost. September Sales: $5318.67 (133 Sold) September Profit: $3783.12. - Sydney<\/p>","author":"Sydney Evans"}},"c4df2b29-bf65-4efa-84d2-68fc9d2334d2":{"type":"quote","settings":{"title":"Taylor","icon":"format_quote","quote":"<p>Its a good investment since you can make your $ back off a few tiktok posts. I plan to buy a general store in the future as an upgrade, just have a single product currently.<\/p>","author":"Taylor B"}},"e9b601c4-d3bb-4385-9baa-61ccd50ffae7":{"type":"quote","settings":{"title":"Michael","icon":"format_quote","quote":"<p>Just got logged into my store, liking how this looks so far. Thanks Drag and Dropship!<\/p>","author":"Michael C"}}},"block_order":["040a5983-ed05-4037-b129-7015f899993e","ce4385a3-d24c-49d1-a6bf-ec4f4a0441b7","eb902dc0-fa47-40ed-b973-9c4f3719b287","55ea7b47-6394-4038-ae5f-47e080bbd845","c4df2b29-bf65-4efa-84d2-68fc9d2334d2","e9b601c4-d3bb-4385-9baa-61ccd50ffae7"],"settings":{"show_on_desktop":true,"show_on_mobile":true,"title":"Look At What They Are Saying!","subtitle":"","section_style":"section-blank","quote_width":"60","arrows":true,"dots":true,"autoplay":true,"autoplayspeed":5}},"loox-product-reviews-app-section":{"type":"apps","settings":{}}},"order":["main","upsell-bundles","pricing-table","product-recommendations","review-widget","faq-section","related-products","back-to-collection","quotes","loox-product-reviews-app-section"]}